{"loss": [0.5595711469650269, 0.46699532866477966, 0.4438110291957855, 0.4215013384819031, 0.4051668643951416, 0.3910125195980072, 0.3848326504230499, 0.3845680356025696, 0.3719269037246704, 0.37175852060317993], "sparse_categorical_accuracy": [0.7057547569274902, 0.76106196641922, 0.7867547869682312, 0.8034328818321228, 0.8118295073509216, 0.8206076622009277, 0.8235598802566528, 0.8249096870422363, 0.8318619132041931, 0.8311775922775269], "val_loss": [0.45274245738983154, 0.4431838393211365, 0.4252788722515106, 0.42053523659706116, 0.44046100974082947, 0.3851833939552307, 0.3695712387561798, 0.38781681656837463, 0.3666386306285858, 0.3525838255882263], "val_sparse_categorical_accuracy": [0.7607831954956055, 0.7730394005775452, 0.7952494025230408, 0.7894036769866943, 0.7883335947990417, 0.8151036500930786, 0.8269774317741394, 0.8116042017936707, 0.8261899948120117, 0.8366240859031677]}