{"loss": [30.29179573059082, 0.48162901401519775, 0.45822301506996155, 0.4364894926548004, 0.42316925525665283, 0.401370108127594, 0.38104355335235596, 0.36913105845451355, 0.35235491394996643, 0.34542638063430786], "sparse_categorical_accuracy": [0.6738236546516418, 0.7894760966300964, 0.8022485375404358, 0.8142877221107483, 0.821034848690033, 0.8314964175224304, 0.8373297452926636, 0.841229259967804, 0.8475258350372314, 0.850540280342102], "val_loss": [0.4856460988521576, 0.44876664876937866, 0.440973699092865, 0.42342570424079895, 0.41247764229774475, 0.387591689825058, 0.364609032869339, 0.3524794280529022, 0.3460495173931122, 0.3368195593357086], "val_sparse_categorical_accuracy": [0.779822826385498, 0.8061602115631104, 0.8139986991882324, 0.8203550577163696, 0.8275662064552307, 0.834581732749939, 0.842067539691925, 0.8478260040283203, 0.8512975573539734, 0.8547617793083191]}